{
    "epoch": 8,
    "train_loss_list": [
        9999,
        0.661315088933576,
        0.599737892440277,
        0.5860631007504181,
        0.5823821634407197,
        0.5759647846338382,
        0.5752170360747791,
        0.5707971287786866,
        0.5678838914327823
    ],
    "min_test_loss": 0.5384498059385716,
    "loss_up_num": 0
}