{
    "epoch": 17,
    "train_loss_list": [
        9999,
        0.6416090609448226,
        0.5870617622129063,
        0.5796638077061492,
        0.5764391600306851,
        0.574110075775004,
        0.5681102532638213,
        0.5659717281654592,
        0.5611416176571079,
        0.5583747970503261,
        0.5576597882621468,
        0.5549131912660477,
        0.5529542307318575
    ],
    "min_test_loss": 0.5137491091121539,
    "loss_up_num": 0
}