{
    "epoch": 11,
    "train_loss_list": [
        9999,
        0.6796397886254119,
        0.6191791819774969,
        0.6043813452060908,
        0.587916796526814,
        0.5797282169409353,
        0.5747318990880687,
        0.5741464860245107,
        0.5714346256604312,
        0.5691682931223636,
        0.5681986617640212
    ],
    "min_test_loss": 0.5640425506237808,
    "loss_up_num": 1
}