{
    "epoch": 23,
    "train_loss_list": [
        9999,
        0.6425074519786749,
        0.5809638882050192,
        0.5775350425135363,
        0.5703454844781892,
        0.5659059287282133,
        0.5655745782757842,
        0.5630344562819334,
        0.5590765927210295,
        0.5580833848397044,
        0.5557890638849182,
        0.5536291310603488,
        0.5534710682039661,
        0.5507383157022271,
        0.550984421497242,
        0.5508887635903097,
        0.5486669076029118,
        0.5482071032671428,
        0.5485474022772012,
        NaN,
        NaN,
        NaN,
        NaN,
        NaN
    ],
    "min_test_loss": 0.5570881537319831,
    "loss_up_num": 0
}