{
    "epoch": 18,
    "train_loss_list": [
        9999,
        0.6637411587752765,
        0.5972235756110237,
        0.5884275891460885,
        0.5831548975331834,
        0.5817716490990922,
        0.5720557831978388,
        0.5717475178012016,
        0.5690839730538878,
        0.5655311082713492,
        0.563962153760137,
        0.5626893735860699,
        0.5610877883814239,
        0.5608491005806102,
        0.560040989177162,
        0.5592537567952947,
        0.5587220695927432,
        0.5579083044459959
    ],
    "min_test_loss": 0.5146826442490277,
    "loss_up_num": 1
}