{
    "epoch": 1,
    "train_loss_list": [
        9999,
        0.675123265584698
    ],
    "min_test_loss": 0.8074348528888782,
    "loss_up_num": 0
}