{
    "epoch": 13,
    "train_loss_list": [
        9999,
        0.6485592864025264,
        0.6007715374111241,
        0.5950863810158544,
        0.5835384224226571,
        0.576335245311908,
        0.5738066288705477,
        0.5691438882629547,
        0.5659291449302368,
        0.56308039504976,
        0.5629324208454184,
        0.5601683269418746,
        0.5600568702011584,
        0.5586535733237286
    ],
    "min_test_loss": 0.5286475711398655,
    "loss_up_num": 0
}