{
    "epoch": 9,
    "train_loss_list": [
        9999,
        0.6569245841451028,
        0.5971080861346074,
        0.5848957574444676,
        0.57836323250838,
        0.5724514920074784,
        0.5682123539750285,
        0.5653071206689448,
        0.5622937539250062
    ],
    "min_test_loss": 0.5346727229154444,
    "loss_up_num": 1
}