{
    "epoch": 10,
    "train_loss_list": [
        9999,
        0.649417474259968,
        0.5908398168225881,
        0.5850386467881366,
        0.5803667386382589,
        0.5752182584758614,
        0.56924639037567,
        0.5627831012749355,
        0.5617040996805392,
        0.5591115602455321,
        0.5553420620649372
    ],
    "min_test_loss": 0.526778013976939,
    "loss_up_num": 0
}