{
    "epoch": 2,
    "train_loss_list": [
        9999,
        0.6622403824281338,
        0.6050538158428393
    ],
    "min_test_loss": 0.587723310584696,
    "loss_up_num": 0
}